Workbook
Name 머릿글: TestCase!$B$1:$K$1

Sheet TestCase
A1: No | B1: 대분류 | C1: 중분류 | D1: 소분류 | E1: 테스트 시나리오 | F1: 테스트 조건 | G1: 실행 순서 | H1: Pass Result | I1: P/F | J1: 실제 결과 | K1: 비고 | L1: Tag
A2: =ROW()-2 -> 0 | B2: 게임 실행 | C2: 실행 | D2: 게임 실행 | E2: 클라이언트를 실행한다 | F2: 인게임 시작 전 | G2: 1. "SpaceAttack.exe" 파일 실행 | H2: Rovoid가 실행될 것으로 예상된다 | I2: Pass | J2: 정상적으로 'Rovoid'가 실행됨 | L2: 게임실행
A3: =ROW()-2 -> 1 | C3: 윈도우 | D3: 최소화 | E3: 창을 최소화 한다 | G3: 1. 우측 상단 최소화 버튼 클릭 | H3: 창이 최소화 될 것으로 예상된다 | I3: Pass | J3: 정상적으로 최소화가 실행됨 | L3: =IF(B3="",L2,B3) -> 게임실행
A4: =ROW()-2 -> 2 | D4: 닫기 | E4: 윈도우를 닫는다 | G4: 1. 우측 상단 X 버튼 클릭 | H4: 창이 꺼지며 게임이 종료될 것으로 예상된다 | I4: Pass | J4: 정상적으로 게임이 종료됨 | L4: =IF(B4="",L3,B4) -> 게임실행
A5: =ROW()-2 -> 3 | B5: 인게임기능 | C5: HUD | D5: 체력 바 | E5: 데미지를 받았을 때 체력이 -1씩 감소한다 | F5: 인게임 시작 후 | G5: 1. 몬스터와의 전투 시작 시 플레이어는 제자리에 가만히 있는다 2. 몬스터가 플레이어를 공격 시 플레이어의 체력이 -1씩 감소하는지 좌측 상단의 체력 UI에서 상태를 확인한다 | H5: 플레이어의 체력이 -1 감소할 것으로 예상된다 | I5: Pass | J5: 플레이어의 체력 -1 감소됨 | L5: 인게임기능
A6: =ROW()-2 -> 4 | E6: 몬스터 처치 후 힐을 받았을 때 체력 반을 회복한다 | G6: 1. 스테이지에 생성된 몬스터를 처치한다 2. 몬스터가 사망 후 플레이어의 체력(힐) 아이콘을 드롭하는지 확인한다 3. 플레이어가 체력(힐) 아이콘을 지급 시 좌측 상단 체력 UI에서 체력 반이 회복되는지 확인한다 | H6: 플레이어가 체력 반을 회복할 것으로 예상된다 | I6: Pass | J6: 플레이어의 체력 반 회복됨 | L6: =IF(B6="",L5,B6) -> 인게임기능
A7: =ROW()-2 -> 5 | D7: 몬스터 공격 및 처치 | E7: 마우스 왼쪽을 클릭한다 | G7: 1. 마우스 왼쪽을 클릭 2. 몬스터에게 데미지가 들어가는지 확인한다 | H7: 몬스터에게 +5씩 데미지가 들어갈 것으로 예상된다 | I7: Pass | J7: 몬스터에게 +5씩 데미지가 들어감 | L7: =IF(B7="",L6,B7) -> 인게임기능
A8: =ROW()-2 -> 6 | D8: 웨이브 | E8: 스테이지에 생성된 5마리 몬스터를 처치한다 | G8: 1. 스테이지에 생성된 5마리의 몬스터를 모두 처치한다 2. 우측 상단에 웨이브 진입 카운트 다운(10초) 텍스트가 뜨는지 확인한다 | H8: 10초 간의 웨이브에 진입될 것으로 예상된다 | I8: Pass | J8: 10초 간의 웨이브에 진입함 | L8: =IF(B8="",L7,B8) -> 인게임기능
A9: =ROW()-2 -> 7 | D9: 일시중지 | E9: 인게임 도중 설정 메뉴로 진입한다 | G9: 1. 게임 실행 도중 ESC 키를 클릭한다 2. 일시중지 메뉴가 뜨는지 확인한다 | H9: 일시중지 메뉴가 출력될 것으로 예상된다 | I9: Pass | J9: 일시중지 메뉴가 출력됨 | L9: =IF(B9="",L8,B9) -> 인게임기능
A10: =ROW()-2 -> 8 | E10: Resume 버튼을 클릭한다 | G10: 1. Resume 버튼을 클릭한다 2. 원래 플레이 중인 게임 화면으로 이동되는지 확인한다 | H10: 원래 플레이 중인 게임 화면으로 이동될 것으로 예상된다 | I10: Pass | J10: 원래 플레이 중인 게임 화면으로 이동됨 | L10: =IF(B10="",L9,B10) -> 인게임기능
A11: =ROW()-2 -> 9 | E11: NewGame 버튼을 클릭한다 | G11: 1. NewGame 버튼을 클릭한다 2. 새 게임이 실행되는지 확인한다 | H11: 새 게임이 실행될 것으로 예상된다 | I11: Fail | J11: 새 게임 실행은 아직 미구현 상태 | L11: =IF(B11="",L10,B11) -> 인게임기능
A12: =ROW()-2 -> 10 | E12: ArchiveMent 버튼을 클릭한다 | G12: 1. ArchiveMent 버튼을 클릭한다 2. 메뉴로 이동되는지 확인한다 | H12: ArchiveMent가 실행될 것으로 예상된다 | I12: Fail | J12: ArchiveMent도 아직 미구현 상태 | L12: =IF(B12="",L11,B12) -> 인게임기능
A13: =ROW()-2 -> 11 | E13: Help 버튼을 클릭한다 | G13: 1. Help 버튼을 클릭한다 2. 도움말 메뉴가 뜨는지 확인한다 | H13: 도움말 메뉴가 뜰 것으로 예상된다 | I13: Fail | J13: 도움말도 아직 미구현 상태 | L13: =IF(B13="",L12,B13) -> 인게임기능
A14: =ROW()-2 -> 12 | E14: Setting 버튼을 클릭한다 | G14: 1. Setting 버튼을 클릭한다 2. 설정 메뉴가 뜨는지 확인한다 | H14: 설정 메뉴가 출력될 것으로 예상된다 | I14: Pass | J14: 설정 메뉴가 정상적으로 출력됨 | L14: =IF(B14="",L13,B14) -> 인게임기능
A15: =ROW()-2 -> 13 | E15: Exit 버튼을 클릭한다 | G15: 1. Exit 버튼을 클릭한다 2. 게임이 종료되는지 확인한다 | H15: 게임이 정상적으로 종료될 것으로 예상된다 | I15: Pass | J15: 게임이 정상적으로 종료됨 | L15: =IF(B15="",L14,B15) -> 인게임기능
A16: =ROW()-2 -> 14 | C16: 플레이어 이동 | D16: 앞으로 이동 | E16: W 키를 누르면 캐릭터가 앞으로 전진한다 | G16: 1. W 키 클릭 2. 캐릭터가 앞으로 이동하는지 확인한다 | H16: 캐릭터가 앞으로 이동할 것으로 예상된다 | I16: Pass | J16: 캐릭터가 앞으로 이동함 | L16: =IF(B14="",L13,B14) -> 인게임기능
A17: =ROW()-2 -> 15 | D17: 왼쪽으로 이동 | E17: A 키를 누르면 캐릭터가 왼쪽으로 이동한다 | G17: 1. A 키 클릭 2. 캐릭터가 왼쪽으로 이동하는지 확인한다 | H17: 캐릭터가 왼쪽으로 이동할 것으로 예상된다 | I17: Pass | J17: 캐릭터가 왼쪽으로 이동함 | L17: =IF(B15="",L16,B15) -> 인게임기능
A18: =ROW()-2 -> 16 | D18: 오른쪽으로 이동 | E18: D 키를 누르면 캐릭터가 오른쪽으로 이동한다 | G18: 1. D 키 클릭 2. 캐릭터가 오른쪽으로 이동하는지 확인한다 | H18: 캐릭터가 오른쪽으로 이동할 것으로 예상된다 | I18: Pass | J18: 캐릭터가 오른쪽으로 이동함 | L18: =IF(B16="",L17,B16) -> 인게임기능
A19: =ROW()-2 -> 17 | D19: 뒤로 이동 | E19: S 키를 누르면 캐릭터가 뒤로 후진한다 | G19: 1. S 키 클릭 2. 캐릭터가 뒤으로 이동하는지 확인한다 | H19: 캐릭터가 뒤로 이동할 것으로 예상된다 | I19: Pass | J19: 캐릭터가 뒤로 이동함 | L19: =IF(B17="",L18,B17) -> 인게임기능
A20: =ROW()-2 -> 18 | D20: 대쉬 | E20: Space 키를 누르면 캐릭터가 대쉬한다 | G20: 1. Space 키를 클릭 2. 플레이어가 대쉬하는지 확인한다 | H20: 캐릭터가 대쉬할 것으로 예상된다 | I20: Pass | J20: 캐릭터가 대쉬함 | L20: =IF(B18="",L19,B18) -> 인게임기능
A21: =ROW()-2 -> 19 | C21: 스킬 | D21: 스킬 선택 | E21: 스테이지의 보라색 스킬 선택 바에서 F 키를 누른다 | G21: 1. 플레이어가 스테이지에서 W, A, S, D 키를 활용하여 보라색 스킬 선택 바가 있는 곳으로 이동한다 2. 보라색 스킬 선택 바에서 F 키를 클릭한다 3. 전체 6개의 칩셋 중 2개의 잠금해제된 칩셋에서 스킬 1개를 선택한다 4. 'SELECT'를 클릭한다 | H21: 스킬 1 OR 스킬 2가 선택될 것으로 예상된다 | I21: Pass | J21: 스킬이 선택됨 | L21: =IF(B18="",L19,B18) -> 인게임기능
A22: =ROW()-2 -> 20 | D22: 칩셋 1 (Chipst_Warrior) | E22: This is Warriors BaseAttack를 클릭한다 (1) | G22: 1. 칩셋 1 (Chipst_Warrior)을 선택한다 2. This is Warriors BaseAttack를 클릭한다 | H22: 스킬이 작동할 것으로 예상된다 | I22: Pass | J22: 스킬이 선택됨 | L22: =IF(B19="",L21,B19) -> 인게임기능
A23: =ROW()-2 -> 21 | E23: This is Warriors StingSkill을 클릭한다 (2) | G23: 1. 칩셋 1 (Chipst_Warrior)을 선택한다 2. This is Warriors StingSkill을 클릭한다 | H23: 스킬이 작동할 것으로 예상된다 | I23: Fail | J23: 아직 미구현 상태임 | L23: =IF(B20="",L22,B20) -> 인게임기능
A24: =ROW()-2 -> 22 | E24: This is Warriors BeheadingSkill을 클릭한다 (3) | G24: 1. 칩셋 1 (Chipst_Warrior)을 선택한다 2. This is Warriors BeheadingSkill을 클릭한다 | H24: 스킬이 작동할 것으로 예상된다 | I24: Fail | J24: 아직 미구현 상태임 | L24: =IF(B21="",L23,B21) -> 인게임기능
A25: =ROW()-2 -> 23 | E25: This is Warriors CoreActivationSkill을 클릭한다 (4) | G25: 1. 칩셋 1 (Chipst_Warrior)을 선택한다 2. This is Warriors CoreActivationSkill을 클릭한다 | H25: 스킬이 작동할 것으로 예상된다 | I25: Fail | J25: 아직 미구현 상태임 | L25: =IF(B22="",L24,B22) -> 인게임기능
A26: =ROW()-2 -> 24 | D26: 칩셋 2 (Chipset_Archer) | E26: This is Archers BaseAttack를 클릭한다 (1) | G26: 1. 칩셋 2 (Chipset_Archer)를 선택한다 2. This is Archers BaseAttack를 클릭한다 | H26: 스킬이 작동할 것으로 예상된다 | I26: Fail | J26: 아직 미구현 상태임 | L26: =IF(B23="",L25,B23) -> 인게임기능
A27: =ROW()-2 -> 25 | E27: This is Archers BigArrowSkill을 클릭한다 (2) | G27: 1. 칩셋 2 (Chipset_Archer)를 선택한다 2. This is Archers BigArrowSkill을 클릭한다 | H27: 스킬이 작동할 것으로 예상된다 | I27: Fail | J27: 아직 미구현 상태임 | L27: =IF(B24="",L26,B24) -> 인게임기능
A28: =ROW()-2 -> 26 | E28: This is Archers ConsentratedFireSkill을 클릭한다 (3) | G28: 1. 칩셋 2 (Chipset_Archer)를 선택한다 2. This is Archers ConsentratedFireSkill을 클릭한다 | H28: 스킬이 작동할 것으로 예상된다 | I28: Fail | J28: 아직 미구현 상태임 | L28: =IF(B25="",L27,B25) -> 인게임기능
A29: =ROW()-2 -> 27 | E29: This is Archers _ChargingShitSkill을 클릭한다 (4) | G29: 1. 칩셋 2 (Chipset_Archer)를 선택한다 2. This is Archers _ChargingShitSkill을 클릭한다 | H29: 스킬이 작동할 것으로 예상된다 | I29: Fail | J29: 아직 미구현 상태임 | L29: =IF(B26="",L28,B26) -> 인게임기능
A30: =ROW()-2 -> 28 | D30: 스킬 1 | E30: Q 키를 누르면 스킬 1을 실행한다 | G30: 1. Q 키 클릭 2. 스킬 1이 실행되는지 확인한다 | H30: 스킬 1이 실행될 것으로 예상된다 | I30: Fail | J30: 아직 미구현 상태임 | L30: =IF(B27="",L29,B27) -> 인게임기능
A31: =ROW()-2 -> 29 | D31: 스킬 2 | E31: E 키를 누르면 스킬 2를 실행한다 | G31: 1. E 키 클릭 2. 스킬 2가 실행되는지 확인한다 | H31: 스킬 2가 실행될 것으로 예상된다 | I31: Fail | J31: 아직 미구현 상태임 | L31: =IF(B28="",L30,B28) -> 인게임기능
A32: =ROW()-2 -> 30 | D32: 스킬 3 | E32: R 키를 누르면 스킬 3을 실행한다 | G32: 1. R 키 클릭 2. 스킬 3이 실행되는지 확인한다 | H32: 스킬 3이 실행될 것으로 예상된다 | I32: Fail | J32: 아직 미구현 상태임 | L32: =IF(B29="",L31,B29) -> 인게임기능

Sheet TC MAP
A1: 테스트케이스 현황
A2: 분류 | B2: 개수 | C2: 비율 | D2: Pass | E2: Fail | F2: N/A | G2: Block | H2: N/T | I2: Total | J2: Total(%)
A3: 게임실행 | B3: =COUNTIF(TestCase!L:L,A3) -> 3 | C3: =IFERROR(B3/$B$6,0) -> 0.096774194 | D3: =COUNTIFS(TestCase!$I:$I,"*"&D$2&"*",TestCase!$L:$L,$A3) -> 3 | E3: =COUNTIFS(TestCase!$I:$I,"*"&E$2&"*",TestCase!$L:$L,$A3) -> 0 | F3: =COUNTIFS(TestCase!$I:$I,"*"&F$2&"*",TestCase!$L:$L,$A3) -> 0 | G3: =COUNTIFS(TestCase!$I:$I,"*"&G$2&"*",TestCase!$L:$L,$A3) -> 0 | H3: =COUNTIFS(TestCase!$I:$I,"*"&H$2&"*",TestCase!$L:$L,$A3) -> 0 | I3: =COUNTIFS(TestCase!$I:$I,"*"&I$2&"*",TestCase!$L:$L,$A3) -> 0 | J3: =I3/B3 -> 0
A4: 메뉴기능 | B4: =COUNTIF(TestCase!L:L,A4) -> 0 | C4: =IFERROR(B4/$B$6,0) -> 0 | D4: =COUNTIFS(TestCase!$I:$I,"*"&D$2&"*",TestCase!$L:$L,$A4) -> 0 | E4: =COUNTIFS(TestCase!$I:$I,"*"&E$2&"*",TestCase!$L:$L,$A4) -> 0 | F4: =COUNTIFS(TestCase!$I:$I,"*"&F$2&"*",TestCase!$L:$L,$A4) -> 0 | G4: =COUNTIFS(TestCase!$I:$I,"*"&G$2&"*",TestCase!$L:$L,$A4) -> 0 | H4: =COUNTIFS(TestCase!$I:$I,"*"&H$2&"*",TestCase!$L:$L,$A4) -> 0 | I4: =SUM(D4:H4) -> 0 | J4: =I4/B4 -> #DIV/0!
A5: 인게임기능 | B5: =COUNTIF(TestCase!L:L,A5) -> 28 | C5: =IFERROR(B5/$B$6,0) -> 0.90322581 | D5: =COUNTIFS(TestCase!$I:$I,"*"&D$2&"*",TestCase!$L:$L,$A5) -> 15 | E5: =COUNTIFS(TestCase!$I:$I,"*"&E$2&"*",TestCase!$L:$L,$A5) -> 13 | F5: =COUNTIFS(TestCase!$I:$I,"*"&F$2&"*",TestCase!$L:$L,$A5) -> 0 | G5: =COUNTIFS(TestCase!$I:$I,"*"&G$2&"*",TestCase!$L:$L,$A5) -> 0 | H5: =COUNTIFS(TestCase!$I:$I,"*"&H$2&"*",TestCase!$L:$L,$A5) -> 0 | I5: =SUM(D5:H5) -> 28 | J5: =I5/B5 -> 1
A6: Total | B6: =SUM(B3:B5) -> 31 | C6: =SUM(C3:C5) -> 1 | D6: =SUM(D3:D5) -> 18 | E6: =SUM(E3:E5) -> 13 | F6: =SUM(F3:F5) -> 0 | G6: =SUM(G3:G5) -> 0 | H6: =SUM(H3:H5) -> 0 | I6: =SUM(I3:I5) -> 28
A7: Total(%) | D7: =D6/$B6 -> 0.58064516 | E7: =E6/$B6 -> 0.41935484 | F7: =F6/$B6 -> 0 | G7: =G6/$B6 -> 0 | H7: =H6/$B6 -> 0 | I7: =I6/$B6 -> 0.90322581
